[{"model": "admin.logentry", "pk": 1, "fields": {"action_time": "2023-03-19T13:00:36.077Z", "user": 1, "content_type": 8, "object_id": "7", "object_repr": "Poll object (7)", "action_flag": 2, "change_message": "[{\"changed\": {\"fields\": [\"\\u0418\\u0437\\u043e\\u0431\\u0440\\u0430\\u0436\\u0435\\u043d\\u0438\\u0435\"]}}]"}}, {"model": "admin.logentry", "pk": 2, "fields": {"action_time": "2023-03-19T13:06:56.469Z", "user": 1, "content_type": 8, "object_id": "7", "object_repr": "Poll object (7)", "action_flag": 2, "change_message": "[{\"changed\": {\"fields\": [\"\\u0418\\u0437\\u043e\\u0431\\u0440\\u0430\\u0436\\u0435\\u043d\\u0438\\u0435\"]}}]"}}, {"model": "admin.logentry", "pk": 3, "fields": {"action_time": "2023-03-19T16:36:25.028Z", "user": 1, "content_type": 8, "object_id": "6", "object_repr": "Poll object (6)", "action_flag": 2, "change_message": "[{\"changed\": {\"fields\": [\"\\u0418\\u0437\\u043e\\u0431\\u0440\\u0430\\u0436\\u0435\\u043d\\u0438\\u0435\"]}}]"}}, {"model": "admin.logentry", "pk": 4, "fields": {"action_time": "2023-03-19T16:36:47.313Z", "user": 1, "content_type": 8, "object_id": "2", "object_repr": "Poll object (2)", "action_flag": 2, "change_message": "[{\"changed\": {\"fields\": [\"\\u0418\\u0437\\u043e\\u0431\\u0440\\u0430\\u0436\\u0435\\u043d\\u0438\\u0435\"]}}]"}}, {"model": "admin.logentry", "pk": 5, "fields": {"action_time": "2023-03-19T16:37:08.079Z", "user": 1, "content_type": 8, "object_id": "1", "object_repr": "Poll object (1)", "action_flag": 2, "change_message": "[{\"changed\": {\"fields\": [\"\\u0418\\u0437\\u043e\\u0431\\u0440\\u0430\\u0436\\u0435\\u043d\\u0438\\u0435\"]}}]"}}, {"model": "admin.logentry", "pk": 6, "fields": {"action_time": "2023-03-19T16:37:47.003Z", "user": 1, "content_type": 8, "object_id": "7", "object_repr": "Poll object (7)", "action_flag": 2, "change_message": "[{\"changed\": {\"fields\": [\"\\u0418\\u0437\\u043e\\u0431\\u0440\\u0430\\u0436\\u0435\\u043d\\u0438\\u0435\"]}}]"}}, {"model": "admin.logentry", "pk": 7, "fields": {"action_time": "2023-03-19T16:38:12.481Z", "user": 1, "content_type": 8, "object_id": "7", "object_repr": "Poll object (7)", "action_flag": 2, "change_message": "[{\"changed\": {\"fields\": [\"\\u0418\\u0437\\u043e\\u0431\\u0440\\u0430\\u0436\\u0435\\u043d\\u0438\\u0435\"]}}]"}}, {"model": "auth.permission", "pk": 1, "fields": {"name": "Can add log entry", "content_type": 1, "codename": "add_logentry"}}, {"model": "auth.permission", "pk": 2, "fields": {"name": "Can change log entry", "content_type": 1, "codename": "change_logentry"}}, {"model": "auth.permission", "pk": 3, "fields": {"name": "Can delete log entry", "content_type": 1, "codename": "delete_logentry"}}, {"model": "auth.permission", "pk": 4, "fields": {"name": "Can view log entry", "content_type": 1, "codename": "view_logentry"}}, {"model": "auth.permission", "pk": 5, "fields": {"name": "Can add permission", "content_type": 2, "codename": "add_permission"}}, {"model": "auth.permission", "pk": 6, "fields": {"name": "Can change permission", "content_type": 2, "codename": "change_permission"}}, {"model": "auth.permission", "pk": 7, "fields": {"name": "Can delete permission", "content_type": 2, "codename": "delete_permission"}}, {"model": "auth.permission", "pk": 8, "fields": {"name": "Can view permission", "content_type": 2, "codename": "view_permission"}}, {"model": "auth.permission", "pk": 9, "fields": {"name": "Can add group", "content_type": 3, "codename": "add_group"}}, {"model": "auth.permission", "pk": 10, "fields": {"name": "Can change group", "content_type": 3, "codename": "change_group"}}, {"model": "auth.permission", "pk": 11, "fields": {"name": "Can delete group", "content_type": 3, "codename": "delete_group"}}, {"model": "auth.permission", "pk": 12, "fields": {"name": "Can view group", "content_type": 3, "codename": "view_group"}}, {"model": "auth.permission", "pk": 13, "fields": {"name": "Can add content type", "content_type": 4, "codename": "add_contenttype"}}, {"model": "auth.permission", "pk": 14, "fields": {"name": "Can change content type", "content_type": 4, "codename": "change_contenttype"}}, {"model": "auth.permission", "pk": 15, "fields": {"name": "Can delete content type", "content_type": 4, "codename": "delete_contenttype"}}, {"model": "auth.permission", "pk": 16, "fields": {"name": "Can view content type", "content_type": 4, "codename": "view_contenttype"}}, {"model": "auth.permission", "pk": 17, "fields": {"name": "Can add session", "content_type": 5, "codename": "add_session"}}, {"model": "auth.permission", "pk": 18, "fields": {"name": "Can change session", "content_type": 5, "codename": "change_session"}}, {"model": "auth.permission", "pk": 19, "fields": {"name": "Can delete session", "content_type": 5, "codename": "delete_session"}}, {"model": "auth.permission", "pk": 20, "fields": {"name": "Can view session", "content_type": 5, "codename": "view_session"}}, {"model": "auth.permission", "pk": 21, "fields": {"name": "Can add kv store", "content_type": 6, "codename": "add_kvstore"}}, {"model": "auth.permission", "pk": 22, "fields": {"name": "Can change kv store", "content_type": 6, "codename": "change_kvstore"}}, {"model": "auth.permission", "pk": 23, "fields": {"name": "Can delete kv store", "content_type": 6, "codename": "delete_kvstore"}}, {"model": "auth.permission", "pk": 24, "fields": {"name": "Can view kv store", "content_type": 6, "codename": "view_kvstore"}}, {"model": "auth.permission", "pk": 25, "fields": {"name": "Can add Ответ", "content_type": 7, "codename": "add_answer"}}, {"model": "auth.permission", "pk": 26, "fields": {"name": "Can change Ответ", "content_type": 7, "codename": "change_answer"}}, {"model": "auth.permission", "pk": 27, "fields": {"name": "Can delete Ответ", "content_type": 7, "codename": "delete_answer"}}, {"model": "auth.permission", "pk": 28, "fields": {"name": "Can view Ответ", "content_type": 7, "codename": "view_answer"}}, {"model": "auth.permission", "pk": 29, "fields": {"name": "Can add Опрос", "content_type": 8, "codename": "add_poll"}}, {"model": "auth.permission", "pk": 30, "fields": {"name": "Can change Опрос", "content_type": 8, "codename": "change_poll"}}, {"model": "auth.permission", "pk": 31, "fields": {"name": "Can delete Опрос", "content_type": 8, "codename": "delete_poll"}}, {"model": "auth.permission", "pk": 32, "fields": {"name": "Can view Опрос", "content_type": 8, "codename": "view_poll"}}, {"model": "auth.permission", "pk": 33, "fields": {"name": "Can add Вопрос", "content_type": 9, "codename": "add_question"}}, {"model": "auth.permission", "pk": 34, "fields": {"name": "Can change Вопрос", "content_type": 9, "codename": "change_question"}}, {"model": "auth.permission", "pk": 35, "fields": {"name": "Can delete Вопрос", "content_type": 9, "codename": "delete_question"}}, {"model": "auth.permission", "pk": 36, "fields": {"name": "Can view Вопрос", "content_type": 9, "codename": "view_question"}}, {"model": "auth.permission", "pk": 37, "fields": {"name": "Can add Результат", "content_type": 10, "codename": "add_userpollresult"}}, {"model": "auth.permission", "pk": 38, "fields": {"name": "Can change Результат", "content_type": 10, "codename": "change_userpollresult"}}, {"model": "auth.permission", "pk": 39, "fields": {"name": "Can delete Результат", "content_type": 10, "codename": "delete_userpollresult"}}, {"model": "auth.permission", "pk": 40, "fields": {"name": "Can view Результат", "content_type": 10, "codename": "view_userpollresult"}}, {"model": "auth.permission", "pk": 41, "fields": {"name": "Can add Пользователь", "content_type": 11, "codename": "add_user"}}, {"model": "auth.permission", "pk": 42, "fields": {"name": "Can change Пользователь", "content_type": 11, "codename": "change_user"}}, {"model": "auth.permission", "pk": 43, "fields": {"name": "Can delete Пользователь", "content_type": 11, "codename": "delete_user"}}, {"model": "auth.permission", "pk": 44, "fields": {"name": "Can view Пользователь", "content_type": 11, "codename": "view_user"}}, {"model": "contenttypes.contenttype", "pk": 1, "fields": {"app_label": "admin", "model": "logentry"}}, {"model": "contenttypes.contenttype", "pk": 2, "fields": {"app_label": "auth", "model": "permission"}}, {"model": "contenttypes.contenttype", "pk": 3, "fields": {"app_label": "auth", "model": "group"}}, {"model": "contenttypes.contenttype", "pk": 4, "fields": {"app_label": "contenttypes", "model": "contenttype"}}, {"model": "contenttypes.contenttype", "pk": 5, "fields": {"app_label": "sessions", "model": "session"}}, {"model": "contenttypes.contenttype", "pk": 6, "fields": {"app_label": "thumbnail", "model": "kvstore"}}, {"model": "contenttypes.contenttype", "pk": 7, "fields": {"app_label": "polls", "model": "answer"}}, {"model": "contenttypes.contenttype", "pk": 8, "fields": {"app_label": "polls", "model": "poll"}}, {"model": "contenttypes.contenttype", "pk": 9, "fields": {"app_label": "polls", "model": "question"}}, {"model": "contenttypes.contenttype", "pk": 10, "fields": {"app_label": "polls", "model": "userpollresult"}}, {"model": "contenttypes.contenttype", "pk": 11, "fields": {"app_label": "users", "model": "user"}}, {"model": "sessions.session", "pk": "1y9f5gyn1kutscyd2yruap4310544sal", "fields": {"session_data": ".eJxVjDsOwjAQBe_iGln-bjAlfc5g7a5tHECOFCcV4u4QKQW0b2beS0Tc1hq3npc4JXERVpx-N0J-5LaDdMd2myXPbV0mkrsiD9rlOKf8vB7u30HFXr81FIWA2pzZagCX2Rk0dnAZOQQdQGlXHFAxHECj1YMHMt5TQpuSIhLvD8q3N4w:1pdw3Q:TnifYDMk8A4Z3sMaAW1m2LepM8k0hCbehtTmVBokXEI", "expire_date": "2023-04-02T16:38:44.122Z"}}, {"model": "sessions.session", "pk": "bdq9ofl03v9onow6zxmr9lqb19tnuti2", "fields": {"session_data": ".eJxVjEEOwiAQRe_C2hAoUBiX7j0DmWFAqoYmpV0Z765NutDtf-_9l4i4rTVuPS9xYnEWWpx-N8L0yG0HfMd2m2Wa27pMJHdFHrTL68z5eTncv4OKvX5rS8XQYIyGlMmgN8wJyIdCZQCrNDikonQYMyGooBxlS-wgjZ6DKla8P_osOGQ:1pdsd2:Nq_msr_K1CkCtYBtD0ri0wNZLWplMZ8RkEp3x3UjM8o", "expire_date": "2023-04-02T12:59:16.624Z"}}, {"model": "thumbnail.kvstore", "pk": "sorl-thumbnail||image||218ea7e5768fc81645f091b07123da79", "fields": {"value": "{\"name\": \"img/potter_1CMOFgc.jpg\", \"storage\": \"django.core.files.storage.FileSystemStorage\", \"size\": [2458, 1638]}"}}, {"model": "thumbnail.kvstore", "pk": "sorl-thumbnail||image||3d6e0c0fee0b363221e29539ce5564ba", "fields": {"value": "{\"name\": \"cache/b0/70/b07094903f33c23dbbbabd2092c3a80e.jpg\", \"storage\": \"django.core.files.storage.FileSystemStorage\", \"size\": [960, 540]}"}}, {"model": "thumbnail.kvstore", "pk": "sorl-thumbnail||image||3ee105b2a8a87b711214cd99646ccf2c", "fields": {"value": "{\"name\": \"img/vall-e_Iz5DsaX.jpg\", \"storage\": \"django.core.files.storage.FileSystemStorage\", \"size\": [500, 280]}"}}, {"model": "thumbnail.kvstore", "pk": "sorl-thumbnail||image||577b535ec9e54db896dbeaf2835c8e0c", "fields": {"value": "{\"name\": \"cache/42/b6/42b67fd8fb9c435bbef7da6067f9ea40.jpg\", \"storage\": \"django.core.files.storage.FileSystemStorage\", \"size\": [960, 540]}"}}, {"model": "thumbnail.kvstore", "pk": "sorl-thumbnail||image||7982c54948ddac040f64112ff44e1fad", "fields": {"value": "{\"name\": \"img/ussr_film.jpg\", \"storage\": \"django.core.files.storage.FileSystemStorage\", \"size\": [500, 500]}"}}, {"model": "thumbnail.kvstore", "pk": "sorl-thumbnail||image||a05e18095c093f9bddcee491f9af7f2f", "fields": {"value": "{\"name\": \"cache/4a/78/4a789f56c9e24b1ed04be403e4cf3e26.jpg\", \"storage\": \"django.core.files.storage.FileSystemStorage\", \"size\": [960, 540]}"}}, {"model": "thumbnail.kvstore", "pk": "sorl-thumbnail||image||a811916544e3c55e07fc7dceb994911e", "fields": {"value": "{\"name\": \"img/potter.jpg\", \"storage\": \"django.core.files.storage.FileSystemStorage\", \"size\": [2458, 1638]}"}}, {"model": "thumbnail.kvstore", "pk": "sorl-thumbnail||image||acd113a85abfcef5984ec32bffa8a32b", "fields": {"value": "{\"name\": \"img/vall-e.jpg\", \"storage\": \"django.core.files.storage.FileSystemStorage\", \"size\": [500, 280]}"}}, {"model": "thumbnail.kvstore", "pk": "sorl-thumbnail||image||bd99c9f3d6d36415b9e9150652da8113", "fields": {"value": "{\"name\": \"img/good-idea.jpg\", \"storage\": \"django.core.files.storage.FileSystemStorage\", \"size\": [1000, 717]}"}}, {"model": "thumbnail.kvstore", "pk": "sorl-thumbnail||image||cbe687b0f4991991250fdd9387f2860b", "fields": {"value": "{\"name\": \"cache/06/ed/06ed78c58488d3d3b8a947b443d5edb6.jpg\", \"storage\": \"django.core.files.storage.FileSystemStorage\", \"size\": [960, 540]}"}}, {"model": "thumbnail.kvstore", "pk": "sorl-thumbnail||image||d878a02ab189c0bf1a854d589780332d", "fields": {"value": "{\"name\": \"cache/f3/e2/f3e25c01831c196d0fba40fd29e947c9.jpg\", \"storage\": \"django.core.files.storage.FileSystemStorage\", \"size\": [960, 540]}"}}, {"model": "thumbnail.kvstore", "pk": "sorl-thumbnail||image||ede39f97a6b93e3e674f7624b29da098", "fields": {"value": "{\"name\": \"cache/f3/cb/f3cba6ec99dbe15c4a866792b46951f5.jpg\", \"storage\": \"django.core.files.storage.FileSystemStorage\", \"size\": [960, 540]}"}}, {"model": "thumbnail.kvstore", "pk": "sorl-thumbnail||thumbnails||218ea7e5768fc81645f091b07123da79", "fields": {"value": "[\"577b535ec9e54db896dbeaf2835c8e0c\"]"}}, {"model": "thumbnail.kvstore", "pk": "sorl-thumbnail||thumbnails||3ee105b2a8a87b711214cd99646ccf2c", "fields": {"value": "[\"ede39f97a6b93e3e674f7624b29da098\"]"}}, {"model": "thumbnail.kvstore", "pk": "sorl-thumbnail||thumbnails||7982c54948ddac040f64112ff44e1fad", "fields": {"value": "[\"cbe687b0f4991991250fdd9387f2860b\"]"}}, {"model": "thumbnail.kvstore", "pk": "sorl-thumbnail||thumbnails||a811916544e3c55e07fc7dceb994911e", "fields": {"value": "[\"d878a02ab189c0bf1a854d589780332d\"]"}}, {"model": "thumbnail.kvstore", "pk": "sorl-thumbnail||thumbnails||acd113a85abfcef5984ec32bffa8a32b", "fields": {"value": "[\"3d6e0c0fee0b363221e29539ce5564ba\"]"}}, {"model": "thumbnail.kvstore", "pk": "sorl-thumbnail||thumbnails||bd99c9f3d6d36415b9e9150652da8113", "fields": {"value": "[\"a05e18095c093f9bddcee491f9af7f2f\"]"}}, {"model": "polls.poll", "pk": 1, "fields": {"title": "Как хорошо вы знаете «Гарри Поттера»?", "description": "Все мы любим историю о дружбе, товариществе и магии. Но хорошо ли вы помните детали сюжета и все ли знаете о любимых персонажах? Пройдите наш тест и выясните!", "pub_date": "2023-03-16T10:01:50.615Z", "image": "img/potter.jpg"}}, {"model": "polls.poll", "pk": 2, "fields": {"title": "Самый простой тест", "description": "В жизни часто приходится принимать различные решения, беспокоясь о последствиях, но ответ на этот вопрос вы уже знаете!", "pub_date": "2023-03-16T10:25:09.940Z", "image": "img/good-idea.jpg"}}, {"model": "polls.poll", "pk": 6, "fields": {"title": "Тест по советским фильмам", "description": "Среди советских фильмов было немало таких, которые по достоинству можно назвать легендарными. В них играли лучшие актёры Советского Союза, звучали песни, ставшие хитами, а фразу из них быстро становились крылатыми. Каждый из нас назовёт свой список таких.", "pub_date": "2023-03-18T12:14:38.528Z", "image": "img/ussr_film.jpg"}}, {"model": "polls.poll", "pk": 7, "fields": {"title": "Хорошо ли вы знаете мир Pixar?", "description": "Помните «Головоломку» и «ВАЛЛ-И»? А героев «Истории игрушек» и «Суперсемейки»? Тогда с храбрым сердцем проходите наш новый тест. Ответьте на 8 вопросов о мультфильмах студии Pixar и узнайте, можете ли вы считать себя Мистером Исключительным.", "pub_date": "2023-03-18T17:56:01.095Z", "image": "img/vall-e.jpg"}}, {"model": "polls.question", "pk": 1, "fields": {"text": "Кто из этих персонажей не получил проходные баллы по всем 12 предметам на СОВ?", "poll": 1}}, {"model": "polls.question", "pk": 2, "fields": {"text": "Что пообещали близнецы, сбегая из Хогвартса?", "poll": 1}}, {"model": "polls.question", "pk": 3, "fields": {"text": "Стоит ли дать Владимиру оффер?", "poll": 2}}, {"model": "polls.question", "pk": 4, "fields": {"text": "Как Гарри Поттер при первом же знакомстве умудрился взбесить Андромеду Тонкс, мать Нимфадоры?", "poll": 1}}, {"model": "polls.question", "pk": 12, "fields": {"text": "Кто из этих персонажей во время Битвы за Хогвартс пользовался чужой волшебной палочкой?", "poll": 1}}, {"model": "polls.question", "pk": 13, "fields": {"text": "Кому мы приписали язвительную реплику неправильно?", "poll": 1}}, {"model": "polls.question", "pk": 14, "fields": {"text": "Кому не выпала честь уничтожить крестраж?", "poll": 1}}, {"model": "polls.question", "pk": 15, "fields": {"text": "Какой Патронус у Чжоу Чанг?", "poll": 1}}, {"model": "polls.question", "pk": 16, "fields": {"text": "Найдите среди этих волшебников чистокровного:", "poll": 1}}, {"model": "polls.question", "pk": 17, "fields": {"text": "Кого из этих персонажей не пытали Круциатусом?", "poll": 1}}, {"model": "polls.question", "pk": 18, "fields": {"text": "Патронусы похожи на животных. Чьи Патронусы были представителями разных видов зверей?", "poll": 1}}, {"model": "polls.question", "pk": 19, "fields": {"text": "В каком советском кинофильме один из героев мечтал сразу о трёх жёнах?", "poll": 6}}, {"model": "polls.question", "pk": 20, "fields": {"text": "Актриса, которая сыграла Констанцию в кинофильме «Д'Артаньян и три мушкетёра».", "poll": 6}}, {"model": "polls.question", "pk": 21, "fields": {"text": "Что Геша должен был вручить детям Сени в кинокомедии «Бриллиантовая рука»?", "poll": 6}}, {"model": "polls.question", "pk": 22, "fields": {"text": "Кто снял художественный фильм о путешествиях графа Калиостро по России, который называется «Формула любви»?", "poll": 6}}, {"model": "polls.question", "pk": 23, "fields": {"text": "Как называется фильм, в основе сюжета которого лежит роман братьев Вайнеров «Эра милосердия»?", "poll": 6}}, {"model": "polls.question", "pk": 24, "fields": {"text": "Кто автор литературного произведения, которое послужило сценарием для фильма «Два капитана»?", "poll": 6}}, {"model": "polls.question", "pk": 25, "fields": {"text": "Чёрно-белый художественный фильм Михаила Калатозова, который получил главную награду на Каннском кинофестивале.", "poll": 6}}, {"model": "polls.question", "pk": 26, "fields": {"text": "Кто из героев советской комедии «Иван Васильевич меняет профессию» рассказывал овчарке о своих злоключениях?", "poll": 6}}, {"model": "polls.question", "pk": 27, "fields": {"text": "Как зовут внучку русской эмигрантки из фильма «Невероятные приключения итальянцев в России», которой бабушка оставила огромное состояние в Ленинграде?", "poll": 6}}, {"model": "polls.question", "pk": 28, "fields": {"text": "Где происходит судьбоносная встреча Катерины с Гошей, Гогой, Жорой и Юрой в одном лице в кинофильме «Москва слезам не верит»?", "poll": 6}}, {"model": "polls.question", "pk": 29, "fields": {"text": "Что объединяет героев фильма «Берегись автомобиля» страхового агента Юрия Деточкина и следователя Максима Подберёзовикова?", "poll": 6}}, {"model": "polls.question", "pk": 30, "fields": {"text": "Кто сказал, что «бесконечность не предел»?", "poll": 7}}, {"model": "polls.question", "pk": 31, "fields": {"text": "Вот тоже вопрос для новичков. Что попросим у Эдны?", "poll": 7}}, {"model": "polls.question", "pk": 32, "fields": {"text": "Какой эмоции нет в мультфильме «Головоломка»?", "poll": 7}}, {"model": "polls.question", "pk": 33, "fields": {"text": "Кстати, в честь кого был назвал ВАЛЛ-И?", "poll": 7}}, {"model": "polls.question", "pk": 34, "fields": {"text": "Первый мультфильм Pixar, показанный на открытии Каннского фестиваля, — это:", "poll": 7}}, {"model": "polls.question", "pk": 35, "fields": {"text": "Как зовут главный талисман студии Pixar?", "poll": 7}}, {"model": "polls.question", "pk": 36, "fields": {"text": "Как зовут пса из мультфильма «Тайна Коко»?", "poll": 7}}, {"model": "polls.question", "pk": 37, "fields": {"text": "Финал! Какой из этих мультфильмов не получал премию «Оскар»?", "poll": 7}}, {"model": "polls.answer", "pk": 1, "fields": {"text": "Гермиона Грейнджер", "question": 1, "correct_answer": true}}, {"model": "polls.answer", "pk": 2, "fields": {"text": "Билл Уизли", "question": 1, "correct_answer": false}}, {"model": "polls.answer", "pk": 3, "fields": {"text": "Перси Уизли", "question": 1, "correct_answer": false}}, {"model": "polls.answer", "pk": 4, "fields": {"text": "Барти Крауч-младший", "question": 1, "correct_answer": false}}, {"model": "polls.answer", "pk": 5, "fields": {"text": "Что будут наведываться в замок и портить жизнь Амбридж", "question": 2, "correct_answer": false}}, {"model": "polls.answer", "pk": 6, "fields": {"text": "Назвать одну из вредилок в честь Пивза", "question": 2, "correct_answer": false}}, {"model": "polls.answer", "pk": 7, "fields": {"text": "Скидку тем, кто будет использовать их продукцию против Амбридж", "question": 2, "correct_answer": true}}, {"model": "polls.answer", "pk": 8, "fields": {"text": "Запас вредилок всем, кто вступит в Отряд Дамблдора", "question": 2, "correct_answer": false}}, {"model": "polls.answer", "pk": 9, "fields": {"text": "Да!", "question": 3, "correct_answer": true}}, {"model": "polls.answer", "pk": 10, "fields": {"text": "Конечно!", "question": 3, "correct_answer": true}}, {"model": "polls.answer", "pk": 11, "fields": {"text": "Зло высказался о факультете Слизерин, на котором она училась", "question": 4, "correct_answer": false}}, {"model": "polls.answer", "pk": 12, "fields": {"text": "Сказал, что она похожа на Беллатрису Лестрейндж", "question": 4, "correct_answer": true}}, {"model": "polls.answer", "pk": 13, "fields": {"text": "Использовал темную магию", "question": 4, "correct_answer": false}}, {"model": "polls.answer", "pk": 14, "fields": {"text": "Тепло отозвался о Сириусе, которого Андромеда, как и весь магический мир, считала предателем и Пожирателем", "question": 4, "correct_answer": false}}, {"model": "polls.answer", "pk": 34, "fields": {"text": "Драко Малфой и Невилл Долгопупс", "question": 12, "correct_answer": false}}, {"model": "polls.answer", "pk": 35, "fields": {"text": "Гарри Поттер и Полумна Лавгуд", "question": 12, "correct_answer": false}}, {"model": "polls.answer", "pk": 36, "fields": {"text": "Гермиона Грейнджер и Нимфадора Тонкс", "question": 12, "correct_answer": false}}, {"model": "polls.answer", "pk": 37, "fields": {"text": "Гермиона Грейнджер и Драко Малфой", "question": 12, "correct_answer": true}}, {"model": "polls.answer", "pk": 38, "fields": {"text": "«Да, Квиррелл был чудесный учитель, только с одним маленьким недостатком: у него Волан-де-Морт торчал из затылка!» (Гарри Поттер)", "question": 13, "correct_answer": false}}, {"model": "polls.answer", "pk": 39, "fields": {"text": "«Зачем вы спрашиваете, если не хотите знать ответ?» (Гермиона Грейнджер)", "question": 13, "correct_answer": true}}, {"model": "polls.answer", "pk": 40, "fields": {"text": "«Он умеет перемещаться быстрее, чем Северус Снейп от шампуня» (близнецы Уизли)", "question": 13, "correct_answer": false}}, {"model": "polls.answer", "pk": 41, "fields": {"text": "«А это Нимфадора Тонкс, которая предпочитает, чтобы ее называли только по фамилии» (Римус Люпин)", "question": 13, "correct_answer": false}}, {"model": "polls.answer", "pk": 42, "fields": {"text": "Невиллу Долгопупсу", "question": 14, "correct_answer": false}}, {"model": "polls.answer", "pk": 43, "fields": {"text": "Регулусу Блэку", "question": 14, "correct_answer": true}}, {"model": "polls.answer", "pk": 44, "fields": {"text": "Гарри Поттеру", "question": 14, "correct_answer": false}}, {"model": "polls.answer", "pk": 45, "fields": {"text": "Волан-де-Морту", "question": 14, "correct_answer": false}}, {"model": "polls.answer", "pk": 46, "fields": {"text": "Павлин", "question": 15, "correct_answer": false}}, {"model": "polls.answer", "pk": 47, "fields": {"text": "Лебедь", "question": 15, "correct_answer": true}}, {"model": "polls.answer", "pk": 48, "fields": {"text": "Заяц", "question": 15, "correct_answer": false}}, {"model": "polls.answer", "pk": 49, "fields": {"text": "Кошка", "question": 15, "correct_answer": false}}, {"model": "polls.answer", "pk": 50, "fields": {"text": "Невилл Долгопупс", "question": 16, "correct_answer": true}}, {"model": "polls.answer", "pk": 51, "fields": {"text": "Альбус Дамблдор", "question": 16, "correct_answer": false}}, {"model": "polls.answer", "pk": 52, "fields": {"text": "Волан-де-Морт", "question": 16, "correct_answer": false}}, {"model": "polls.answer", "pk": 53, "fields": {"text": "Римус Люпин", "question": 16, "correct_answer": false}}, {"model": "polls.answer", "pk": 54, "fields": {"text": "Гермиону Грейнджер", "question": 17, "correct_answer": false}}, {"model": "polls.answer", "pk": 55, "fields": {"text": "Седрика Диггори", "question": 17, "correct_answer": false}}, {"model": "polls.answer", "pk": 56, "fields": {"text": "Невилла Долгопупса", "question": 17, "correct_answer": false}}, {"model": "polls.answer", "pk": 57, "fields": {"text": "Нимфадору Тонкс", "question": 17, "correct_answer": true}}, {"model": "polls.answer", "pk": 58, "fields": {"text": "Долорес Амридж и Минервы Макгонагалл", "question": 18, "correct_answer": false}}, {"model": "polls.answer", "pk": 59, "fields": {"text": "Сириуса Блэка и Рона Уизли", "question": 18, "correct_answer": false}}, {"model": "polls.answer", "pk": 60, "fields": {"text": "Северуса Снейпа и Джеймса Поттера", "question": 18, "correct_answer": false}}, {"model": "polls.answer", "pk": 61, "fields": {"text": "Джинни Уизли и Лили Поттер", "question": 18, "correct_answer": true}}, {"model": "polls.answer", "pk": 62, "fields": {"text": "Кавказская пленница, или Новые приключения Шурика", "question": 19, "correct_answer": true}}, {"model": "polls.answer", "pk": 63, "fields": {"text": "Свадьба в Малиновке", "question": 19, "correct_answer": false}}, {"model": "polls.answer", "pk": 64, "fields": {"text": "Карнавальная ночь", "question": 19, "correct_answer": false}}, {"model": "polls.answer", "pk": 65, "fields": {"text": "Алиса Фрейндлих", "question": 20, "correct_answer": false}}, {"model": "polls.answer", "pk": 66, "fields": {"text": "Маргарита Терехова", "question": 20, "correct_answer": false}}, {"model": "polls.answer", "pk": 67, "fields": {"text": "Ирина Алфёрова", "question": 20, "correct_answer": true}}, {"model": "polls.answer", "pk": 68, "fields": {"text": "Мороженое", "question": 21, "correct_answer": true}}, {"model": "polls.answer", "pk": 69, "fields": {"text": "Пирожное", "question": 21, "correct_answer": false}}, {"model": "polls.answer", "pk": 70, "fields": {"text": "Игрушки", "question": 21, "correct_answer": false}}, {"model": "polls.answer", "pk": 71, "fields": {"text": "Марк Захаров", "question": 22, "correct_answer": true}}, {"model": "polls.answer", "pk": 72, "fields": {"text": "Леонид Гайдай", "question": 22, "correct_answer": false}}, {"model": "polls.answer", "pk": 73, "fields": {"text": "Эльдар Рязанов", "question": 22, "correct_answer": false}}, {"model": "polls.answer", "pk": 74, "fields": {"text": "Ко мне, Мухтар!", "question": 23, "correct_answer": false}}, {"model": "polls.answer", "pk": 75, "fields": {"text": "Судьба резидента", "question": 23, "correct_answer": false}}, {"model": "polls.answer", "pk": 76, "fields": {"text": "Место встречи изменить нельзя", "question": 23, "correct_answer": true}}, {"model": "polls.answer", "pk": 77, "fields": {"text": "Константин Симонов", "question": 24, "correct_answer": false}}, {"model": "polls.answer", "pk": 78, "fields": {"text": "Вениамин Каверин", "question": 24, "correct_answer": true}}, {"model": "polls.answer", "pk": 79, "fields": {"text": "Аркадий Гайдар", "question": 24, "correct_answer": false}}, {"model": "polls.answer", "pk": 80, "fields": {"text": "Баллада о солдате", "question": 25, "correct_answer": false}}, {"model": "polls.answer", "pk": 81, "fields": {"text": "Летят журавли", "question": 25, "correct_answer": true}}, {"model": "polls.answer", "pk": 82, "fields": {"text": "Вокзал для двоих", "question": 25, "correct_answer": false}}, {"model": "polls.answer", "pk": 83, "fields": {"text": "Антон Семёнович Шпак", "question": 26, "correct_answer": true}}, {"model": "polls.answer", "pk": 84, "fields": {"text": "Ульяна Андреевна", "question": 26, "correct_answer": false}}, {"model": "polls.answer", "pk": 85, "fields": {"text": "Режиссёр Якин", "question": 26, "correct_answer": false}}, {"model": "polls.answer", "pk": 86, "fields": {"text": "Вера", "question": 27, "correct_answer": false}}, {"model": "polls.answer", "pk": 87, "fields": {"text": "Ольга", "question": 27, "correct_answer": true}}, {"model": "polls.answer", "pk": 88, "fields": {"text": "Надя", "question": 27, "correct_answer": false}}, {"model": "polls.answer", "pk": 89, "fields": {"text": "На пикнике", "question": 28, "correct_answer": false}}, {"model": "polls.answer", "pk": 90, "fields": {"text": "В метро", "question": 28, "correct_answer": false}}, {"model": "polls.answer", "pk": 91, "fields": {"text": "В электричке", "question": 28, "correct_answer": true}}, {"model": "polls.answer", "pk": 92, "fields": {"text": "Участие в народном театре", "question": 29, "correct_answer": true}}, {"model": "polls.answer", "pk": 93, "fields": {"text": "Любовь к одной и той же женщине", "question": 29, "correct_answer": false}}, {"model": "polls.answer", "pk": 94, "fields": {"text": "Они родственники", "question": 29, "correct_answer": false}}, {"model": "polls.answer", "pk": 95, "fields": {"text": "ВАЛЛ-И", "question": 30, "correct_answer": false}}, {"model": "polls.answer", "pk": 96, "fields": {"text": "Молния Маккуин", "question": 30, "correct_answer": false}}, {"model": "polls.answer", "pk": 97, "fields": {"text": "Базз Лайтер", "question": 30, "correct_answer": true}}, {"model": "polls.answer", "pk": 98, "fields": {"text": "Мистер Исключительный", "question": 30, "correct_answer": false}}, {"model": "polls.answer", "pk": 99, "fields": {"text": "Забрать детей из школы", "question": 31, "correct_answer": false}}, {"model": "polls.answer", "pk": 100, "fields": {"text": "Сшить костюм супергероя", "question": 31, "correct_answer": true}}, {"model": "polls.answer", "pk": 101, "fields": {"text": "Мороженое", "question": 31, "correct_answer": false}}, {"model": "polls.answer", "pk": 102, "fields": {"text": "Дом с воздушными шарами в аренду", "question": 31, "correct_answer": false}}, {"model": "polls.answer", "pk": 103, "fields": {"text": "Гнев", "question": 32, "correct_answer": false}}, {"model": "polls.answer", "pk": 104, "fields": {"text": "Брезгливость", "question": 32, "correct_answer": false}}, {"model": "polls.answer", "pk": 105, "fields": {"text": "Страх", "question": 32, "correct_answer": false}}, {"model": "polls.answer", "pk": 106, "fields": {"text": "Стыд", "question": 32, "correct_answer": true}}, {"model": "polls.answer", "pk": 107, "fields": {"text": "В честь Уолта Диснея", "question": 33, "correct_answer": true}}, {"model": "polls.answer", "pk": 108, "fields": {"text": "В честь одного из персонажей «Корпорации монстров»", "question": 33, "correct_answer": false}}, {"model": "polls.answer", "pk": 109, "fields": {"text": "В честь первого робота", "question": 33, "correct_answer": false}}, {"model": "polls.answer", "pk": 110, "fields": {"text": "В честь Уоллеса", "question": 33, "correct_answer": false}}, {"model": "polls.answer", "pk": 111, "fields": {"text": "«Вверх»", "question": 34, "correct_answer": true}}, {"model": "polls.answer", "pk": 112, "fields": {"text": "«В поисках Немо»", "question": 34, "correct_answer": false}}, {"model": "polls.answer", "pk": 113, "fields": {"text": "«Храбрая сердцем»", "question": 34, "correct_answer": false}}, {"model": "polls.answer", "pk": 114, "fields": {"text": "«В поисках Дори»", "question": 34, "correct_answer": false}}, {"model": "polls.answer", "pk": 115, "fields": {"text": "Пиксо-младший", "question": 35, "correct_answer": false}}, {"model": "polls.answer", "pk": 116, "fields": {"text": "Миксо-старший", "question": 35, "correct_answer": false}}, {"model": "polls.answer", "pk": 117, "fields": {"text": "Люксо-младший", "question": 35, "correct_answer": true}}, {"model": "polls.answer", "pk": 118, "fields": {"text": "Светила", "question": 35, "correct_answer": false}}, {"model": "polls.answer", "pk": 119, "fields": {"text": "Шекспир", "question": 36, "correct_answer": false}}, {"model": "polls.answer", "pk": 120, "fields": {"text": "Данте", "question": 36, "correct_answer": true}}, {"model": "polls.answer", "pk": 121, "fields": {"text": "Гомер", "question": 36, "correct_answer": false}}, {"model": "polls.answer", "pk": 122, "fields": {"text": "Чосер", "question": 36, "correct_answer": false}}, {"model": "polls.answer", "pk": 123, "fields": {"text": "«История игрушек: Большой побег»", "question": 37, "correct_answer": false}}, {"model": "polls.answer", "pk": 124, "fields": {"text": "«Храбрая сердцем»", "question": 37, "correct_answer": false}}, {"model": "polls.answer", "pk": 125, "fields": {"text": "«Тачки»", "question": 37, "correct_answer": true}}, {"model": "polls.answer", "pk": 126, "fields": {"text": "«Корпорация монстров»", "question": 37, "correct_answer": false}}, {"model": "polls.userpollresult", "pk": 2, "fields": {"user": 3, "poll": 1, "done": 10, "correct": 9}}, {"model": "polls.userpollresult", "pk": 3, "fields": {"user": 5, "poll": 6, "done": 11, "correct": 5}}, {"model": "polls.userpollresult", "pk": 4, "fields": {"user": 5, "poll": 1, "done": 10, "correct": 7}}, {"model": "polls.userpollresult", "pk": 5, "fields": {"user": 5, "poll": 2, "done": 1, "correct": 1}}, {"model": "polls.userpollresult", "pk": 7, "fields": {"user": 3, "poll": 7, "done": 8, "correct": 7}}, {"model": "polls.userpollresult", "pk": 8, "fields": {"user": 3, "poll": 6, "done": 11, "correct": 3}}, {"model": "users.user", "pk": 1, "fields": {"password": "pbkdf2_sha256$390000$H2PRFnkq3efcNB2J9bwiRJ$0JEqbCIBW5P0975ne2RoU6YV/ZjDGVw4Cp9nVzzmy+Y=", "last_login": "2023-03-19T16:33:35.784Z", "is_superuser": true, "username": "admin", "is_staff": true, "is_active": true, "date_joined": "2023-03-16T10:00:22Z", "email": "ad@min.com", "first_name": "Админ", "last_name": "Админ", "background_color": "gold", "background_style": "31", "money": 0, "groups": [], "user_permissions": []}}, {"model": "users.user", "pk": 3, "fields": {"password": "pbkdf2_sha256$390000$2FHozfUNiwPuTLlBcu54jB$/LfBe69X7GS4yTnO9cnoku4Xi6Q1VkMb08/DXeC0SGM=", "last_login": "2023-03-19T16:38:44.116Z", "is_superuser": false, "username": "test", "is_staff": false, "is_active": true, "date_joined": "2023-03-16T20:54:09.357Z", "email": "te@st.com", "first_name": "test", "last_name": "test", "background_color": "red", "background_style": "lightgray", "money": 44, "groups": [], "user_permissions": []}}, {"model": "users.user", "pk": 4, "fields": {"password": "pbkdf2_sha256$390000$bnRD2OlqPoVlvzBj2qckQg$mm7IDaaf0ioIx8cpZNowY3fx9rf5uV4LFbgELOB95bY=", "last_login": "2023-03-18T19:13:36.954Z", "is_superuser": false, "username": "ivanov.ivan", "is_staff": false, "is_active": true, "date_joined": "2023-03-18T17:44:30.708Z", "email": "ivan@gmail.com", "first_name": "Иван", "last_name": "Иванов", "background_color": "gray", "background_style": "3", "money": 0, "groups": [], "user_permissions": []}}, {"model": "users.user", "pk": 5, "fields": {"password": "pbkdf2_sha256$390000$ARpIzQr7yBkq4emhOPrjrK$cshsDR+kwbqZ+ZFp5/TD/oFHXLKhcEhf3Hu8XLtxwMY=", "last_login": "2023-03-19T12:23:25.313Z", "is_superuser": false, "username": "fedor_X", "is_staff": false, "is_active": true, "date_joined": "2023-03-19T12:23:24.893Z", "email": "fedor@yandex.ru", "first_name": "Федор", "last_name": "", "background_color": "white", "background_style": "white", "money": 13, "groups": [], "user_permissions": []}}]